X,Grid,Year,site,mgmt,camtype,trapnights,avgprecip,pctsavanna,riverkm_perkm2,roadkm_perkm2,distboundarykm,distedgekm,avg_FRP,prey_det,preyper100tn,logprey,LionTrigs,human_occ,livest_occ,lion_occ,competitor_occ
1,F17,2016,WBK,NP,WF,79,18,1,861.3640991,1.769279629,1.173668931,1.173668931,3.875,55,69.62025316,4.243055519,5,1,1,1,1
2,G16,2016,WBK,NP,IR,79,19.5,0.947368421,1023.817993,8.033325282,3.398477558,3.507863073,10.1,21,26.58227848,3.280244771,0,1,1,0.495475522,0.157245527
3,G17,2016,WBK,NP,BO,176,19,0.96,1059.752979,7.463603478,3.393808579,7.141794037,6.01818182,42,23.86363636,3.172355809,0,1,0.054000592,0.254816774,0.17076504
4,G18,2016,WBK,NP,BO,177,18.75,1,1801.504556,4.851894069,0.803938569,12.08262592,0,17,9.604519774,2.262233797,1,0.193924243,0.054000592,1,0.219655338
5,H17,2016,WBK,NP,BO,264,20.5,1,3693.161877,7.074023953,0.430999451,5.805142593,3.5,23,8.712121212,2.164715299,0,0.193924243,0.054000592,0.254816774,0.232224915
6,H18,2016,WBK,NP,IR,88,20.5,1,3626.085742,1.570196033,6.707546058,11.66362697,0,10,11.36363636,2.430418464,0,0.193924243,0.054000592,0.479991479,1
7,I17,2016,WBK,NP,IR,86,21.66666667,1,2424.710599,1.433847964,2.183388321,2.183388321,3.35,7,8.139534884,2.096733039,0,1,1,0.495475522,0.158211245
8,I18,2016,WBK,NP,BO,258,21.5,0.96,1581.825964,1.814855957,9.991683837,9.991683837,8.7,45,17.44186047,2.858873091,0,0.193924243,0.054000592,0.300355513,0.231359697
9,I19,2016,WBK,NP,WF,172,21,0.92,4320.459949,4.786939898,4.732341823,19.375217,8.24,61,35.46511628,3.568549573,1,1,0.054000592,1,1
10,J17,2016,WBK,NP,IR,85,24,1,970.7780273,2.03259002,1.981576505,1.981576505,8.33333333,6,7.058823529,1.954278399,0,0.193924243,0.054000592,0.495475522,0.206343728
11,J18,2016,WBK,NP,WF,145,23.16666667,1,2709.66604,3.731377006,9.396085878,9.396085878,3.3,37,25.51724138,3.239354356,0,1,0.054000592,0.450467556,0.166413909
12,J19,2016,WBK,NP,BO,255,22.66666667,0.92,4580.070984,3.144105029,10.63275558,19.06465994,0.4,73,28.62745098,3.354366082,2,1,1,1,1
13,J20,2016,WBK,NP,BO,171,22.33333333,0.84,3766.594006,5.284974124,2.749689908,28.72680597,3.56666667,47,27.48538012,3.313654231,0,0.193924243,0.054000592,0.300355513,1
14,K17,2016,WBK,NP,IR,86,25.25,0.956521739,2231.572705,2.362637997,4.522560176,4.522560176,7.08888889,1,1.162790698,0.15082289,0,0.193924243,0.054000592,0.495475522,0.206488316
15,K18,2016,WBK,NP,BO,173,24.75,0.96,1871.521814,4.324906039,13.02552597,13.02552597,4.925,48,27.74566474,3.323079602,1,1,0.054000592,1,0.170342827
16,K19,2016,WBK,NP,BO,176,24.5,1,2914.335358,4.34083989,16.53296515,22.09964239,4.1,24,13.63636364,2.612740022,0,1,0.054000592,0.300355513,1
17,K20,2016,WBK,NP,BO,260,24,0.92,1164.887488,5.946014807,8.289369589,23.52545569,8.79615385,239,91.92307692,4.520952107,2,0.193924243,0.054000592,1,1
18,K21,2016,WBK,NP,WF,146,23.5,0.92,3590.523685,9.285199895,0.623715363,21.93552483,0,282,193.1506849,5.263470635,1,1,0.054000592,1,1
19,L18,2016,WBK,NP,WF,86,26,0.92,2795.78111,3.858693016,13.10676118,13.10676118,3.21111111,181,210.4651163,5.349319921,2,1,0.054000592,1,1
20,L19,2016,WBK,NP,IR,172,25.75,1,1476.164362,3.854495105,11.39117488,19.69742372,10.0875,10,5.813953488,1.760260802,0,0.193924243,0.054000592,0.495475522,0.218931883
21,L20,2016,WBK,NP,BO,166,25.16666667,0.8,2995.285999,4.371859482,3.45068783,14.54769603,20.45882353,30,18.07228916,2.894379779,0,1,1,0.300355513,1
22,L21,2016,WBK,NP,IR,83,25.25,0.84,3138.154608,4.352683359,3.332291238,12.00304825,8.74,11,13.25301205,2.584224851,0,0.193924243,0.054000592,0.495475522,0.206054568
23,M18,2016,WBK,NP,IR,86,26.75,1,3628.91131,1.28679297,11.13845077,11.13845077,0,13,15.11627907,2.715772247,0,0.193924243,0.054000592,0.495475522,0.206488316
24,M19,2016,WBK,NP,IR,172,26.5,0.96,2250.536279,4.553553497,7.892780213,13.63317456,6.23333333,34,19.76744186,2.984036234,0,0.193924243,0.054000592,0.495475522,0.218931883
25,M20,2016,WBK,NP,WF,86,26.16666667,0.96,2204.684204,6.849487826,1.255512875,5.870253414,0,11,12.79069767,2.548718162,1,0.193924243,0.054000592,0.450467556,1
26,N17,2016,WBK,NP,WF,85,28,0.96,2400.521985,5.842725953,2.529621749,7.438318746,4.2,52,61.17647059,4.113762648,0,1,0.054000592,0.450467556,0.158073183
27,N18,2016,WBK,NP,IR,168,27.5,0.96,3167.216974,3.597480047,5.965086252,13.56505656,7.15,59,35.11904762,3.558743651,0,0.193924243,0.054000592,0.495475522,0.218353079
28,O18,2016,WBK,NP,WF,85,29.5,1,1517.37002,1.056714,0.9148574,15.74970423,10.8,13,15.29411765,2.727468287,1,0.193924243,0.054000592,1,0.206343728
29,D22,2017,WNI,NP,IR,115,13.8,0.863636364,4519.469431,3.405345458,3.102704966,4.502245804,7.64736842,36,31.30434783,3.443756996,0,0.027624587,1,0.433886362,0.329224215
30,D23,2017,WNI,NP,WF,115,14,0.866666667,2816.783821,2.874817079,1.730478059,1.730478059,0,93,80.86956522,4.392837551,0,1,1,0.356349886,1
31,D24,2017,WNI,NP,IR,115,14,0.7,1050.674402,3.812276912,0.458496016,0.458496016,6.13333333,77,66.95652174,4.204043479,0,1,1,0.433886362,0.274363751
32,E19,2017,WNI,NP,IR,104,16,1,602.3654968,2.346023035,1.247183667,1.247183667,4,3,2.884615385,1.059391576,0,1,1,0.44916779,0.301218145
33,E20,2017,WNI,NP,IR,50,15.33333333,0.96,2479.278482,6.100163281,0.581112772,3.870962246,4.75333333,4,8,2.079441542,0,0.100491543,0.147430211,0.495475522,0.423971436
34,E21,2017,WNI,NP,WF,118,15,1,4641.465759,7.256389999,2.879447733,13.53527655,6.52333333,28,23.72881356,3.166690072,0,0.027624587,0.070450323,0.356349886,0.329600745
35,E22,2017,WNI,NP,IR,48,14.75,0.96,994.5322113,4.956587666,7.861932383,10.36695939,6.13333333,54,112.5,4.722953222,0,0.100491543,1,0.495475522,0.423808765
36,E23,2017,WNI,NP,IR,114,14.5,0.96,1853.953893,2.857008076,7.859354423,7.859354423,4.16666667,14,12.28070175,2.508029067,0,1,1,0.433886362,0.274222454
37,E24,2017,WNI,NP,WF,114,14.5,0.95,1575.551423,2.60810795,7.693941324,7.693941324,2.35454545,22,19.29824561,2.960014191,0,1,1,0.356349886,1
38,E25,2017,WNI,NP,IR,115,14.33333333,1,2174.606593,3.823537064,2.272739603,2.272739603,2.65,111,96.52173913,4.569768259,0,1,1,0.433886362,0.274363751
39,F17,2017,WBK,NP,BO,212,18,1,861.3640991,1.769279629,1.173668931,1.173668931,0,15,7.075471698,1.956634112,11,1,1,1,1
40,F19,2017,WNI,NP,WF,102,17,0.96,2950.130606,3.765001976,8.151541351,8.151541351,5.65,5,4.901960784,1.589635285,0,0.038467282,0.085210497,0.379157182,0.351703868
41,F20,2017,WNI,NP,IR,118,16.5,1,1354.951312,3.729892364,9.493489181,9.835166359,5.28888889,13,11.01694915,2.399434919,0,0.027624587,0.070450323,0.433886362,0.329600745
42,F21,2017,WNI,NP,IR,120,16.5,0.92,1172.634009,4.663580514,9.11895341,16.50768712,6.38448276,37,30.83333333,3.428596356,0,0.027624587,0.070450323,0.433886362,1
43,F22,2017,WNI,NP,IR,118,16.25,1,2457.614833,7.865924942,5.875829349,18.94809286,8.3,17,14.40677966,2.667698906,1,0.027624587,0.070450323,1,1
44,F23,2017,WNI,NP,WF,118,16,1,2798.343787,3.349525988,4.511618527,17.69157915,0,28,23.72881356,3.166690072,0,0.027624587,0.070450323,0.356349886,0.329600745
45,F24,2017,WNI,NP,WF,118,15.5,0.8,4504.723372,2.600070859,3.872286403,13.03316212,9.025,33,27.96610169,3.330993123,0,0.027624587,0.070450323,0.356349886,0.329600745
46,G17,2017,WBK,NP,WF,106,19,0.96,1059.752979,7.463603478,3.393808579,7.141794037,24.66875,3,2.830188679,1.04034338,1,0.079946419,0.085210497,1,0.349807662
47,G18,2017,WBK,NP,WF,106,18.75,1,1801.504556,4.851894069,0.803938569,12.08262592,0,40,37.73584906,3.630610546,0,0.079946419,0.085210497,0.379157182,1
48,G19,2017,WNI,NP,IR,102,18.5,1,1611.430582,2.27625798,7.069099105,18.07948911,0,81,79.41176471,4.374646527,0,1,0.085210497,0.44916779,0.300950964
49,G20,2017,WNI,NP,IR,118,17.66666667,1,2490.398682,2.505319381,6.74319064,18.98310261,2.91538462,13,11.01694915,2.399434919,0,0.027624587,0.070450323,0.433886362,0.329600745
50,G21,2017,WNI,NP,WF,119,17.5,0.92,4182.052563,4.752779774,0.649084526,23.65638262,3.6375,119,100,4.605170186,2,0.027624587,0.070450323,1,1
51,H18,2017,WBK,NP,IR,106,20.5,1,3626.085742,1.570196033,6.707546058,11.66362697,3.33333333,23,21.69811321,3.077225308,0,1,0.085210497,0.44916779,0.127265121
52,H19,2017,WNI,NP,IR,108,20,0.92,2033.137976,2.314014053,1.168276337,20.73436532,6.55,23,21.2962963,3.058533175,0,0.027624587,0.070450323,0.433886362,1
53,I17,2017,WBK,NP,WF,109,21.66666667,1,2424.710599,1.433847964,2.183388321,2.183388321,4.15,10,9.174311927,2.216407397,0,0.079946419,0.085210497,0.379157182,0.181429196
54,I18,2017,WBK,NP,IR,114,21.5,0.96,1581.825964,1.814855957,9.991683837,9.991683837,1.425,18,15.78947368,2.759343495,0,0.06365925,0.070450323,0.433886362,0.152412899
55,I19,2017,WBK,NP,WF,115,21,0.92,4320.459949,4.786939898,4.732341823,19.375217,6.76666667,32,27.82608696,3.325973961,1,0.06365925,0.070450323,1,1
56,I20,2017,WNI,NP,IR,110,20.5,0.88,3663.692334,4.546142419,3.14799107,28.98297375,10.06666667,69,62.72727273,4.138796325,0,0.027624587,1,0.433886362,1
57,I21,2017,WNI,NP,IR,110,19.75,0.84,3276.454553,5.27263941,1.578657124,38.67930561,3.24444444,50,45.45454545,3.816712826,0,0.027624587,0.070450323,0.433886362,1
58,J18,2017,WBK,NP,WF,114,23.16666667,1,2709.66604,3.731377006,9.396085878,9.396085878,15.38571429,51,44.73684211,3.80079737,1,1,0.070450323,1,0.100723213
59,J19,2017,WBK,NP,BO,115,22.66666667,0.92,4580.070984,3.144105029,10.63275558,19.06465994,3.8,293,254.7826087,5.540410667,2,0.06365925,0.070450323,1,1
60,J20,2017,WBK,NP,IR,117,22.33333333,0.84,3766.594006,5.284974124,2.749689908,28.72680597,8.95,18,15.38461538,2.733368009,0,0.06365925,0.070450323,0.433886362,0.152835345
61,J21,2017,WNI,NP,IR,110,21.66666667,0.84,2144.406903,4.917428885,2.943555001,31.87584086,8.9,30,27.27272727,3.305887202,0,0.027624587,0.070450323,0.433886362,1
62,K17,2017,WBK,NP,IR,110,25.25,0.956521739,2231.572705,2.362637997,4.522560176,4.522560176,16.44,1,0.909090909,-0.09531018,0,1,1,0.433886362,0.100247047
63,K18,2017,WBK,NP,IR,115,24.75,0.96,1871.521814,4.324906039,13.02552597,13.02552597,11.1,13,11.30434783,2.425187415,0,0.050508047,0.058084567,0.418729619,0.126914212
64,K19,2017,WBK,NP,IR,115,24.5,1,2914.335358,4.34083989,16.53296515,22.09964239,17.92857143,26,22.60869565,3.118334596,0,0.050508047,0.058084567,0.418729619,0.126914212
65,K20,2017,WBK,NP,IR,114,24,0.92,1164.887488,5.946014807,8.289369589,23.52545569,4.03333333,30,26.31578947,3.270169119,1,1,0.070450323,1,0.100723213
66,K21,2017,WBK,NP,WF,117,23.5,0.92,3590.523685,9.285199895,0.623715363,21.93552483,5.36521739,334,285.4700855,5.654137244,1,1,0.058084567,1,1
67,K3,2017,PN,HC,WF,85,26.5,0.913043478,1525.522589,1.282497782,0.538117987,5.597702712,13.06666667,6,7.058823529,1.954278399,0,0.255240043,0.999989005,0.402511353,0.078245857
68,K4,2017,SIN,HC,IR,64,26.5,0.909090909,3011.424713,5.29213593,5.230824569,7.477475401,4.56666667,7,10.9375,2.392197252,0,0.256620494,0.999989005,0.495475522,1
69,K5,2017,SIN,HC,WF,62,26,0.84,3857.756995,6.909763862,0.047747842,12.72798803,8.18333333,68,109.6774194,4.697543507,0,0.256620494,0.999989005,0.450467556,1
70,K6,2017,OUA,HC,WF,67,25.5,0.88,3675.754282,7.648036265,3.192370238,9.273242023,7.27857143,67,100,4.605170186,0,0.272170357,0.999989005,0.450467556,1
71,K7,2017,OUA,HC,IR,67,25.66666667,0.88,2397.184087,7.276903939,5.686828649,5.825552249,0,9,13.43283582,2.597702144,0,0.272170357,0.999989005,0.495475522,0.483970755
72,K8,2017,OUA,HC,WF,67,25.5,0.761904762,3542.856847,2.908950043,3.318457961,3.296249341,4.25833333,13,19.40298507,2.965426924,0,1,0.999989005,0.450467556,0.426242232
73,L17,2017,WBK,NP,IR,110,26,0.9,5508.01402,3.414469039,4.08753187,4.08753187,4.275,11,10,2.302585093,0,1,0.085210497,0.44916779,0.127787103
74,L18,2017,WBK,NP,WF,115,26,0.92,2795.78111,3.858693016,13.10676118,13.10676118,0,2,1.739130435,0.553385238,0,1,1,0.334176057,0.078639136
75,L19,2017,WBK,NP,WF,117,25.75,1,1476.164362,3.854495105,11.39117488,19.69742372,7.59166667,12,10.25641026,2.327902901,0,0.06365925,0.070450323,0.356349886,0.152835345
76,L2,2017,PN,HC,IR,84,27.25,0.954545455,1403.140506,4.703038025,1.56029083,4.38988485,5.01111111,4,4.761904762,1.560647748,0,1,0.999989005,0.46454578,0.045073897
77,L20,2017,WBK,NP,IR,116,25.16666667,0.8,2995.285999,4.371859482,3.45068783,14.54769603,2.08571429,71,61.20689655,4.114259872,0,1,1,0.418729619,1
78,L3,2017,SIN,HC,IR,62,27,1,1283.907959,2.910808808,7.04361435,12.35112939,3.87,14,22.58064516,3.117093131,0,1,0.999989005,0.495475522,1
79,L4,2017,SIN,HC,WF,64,27,0.92,2132.251099,2.871990013,10.77915719,16.55107494,3.9,56,87.5,4.471638793,0,1,0.999989005,0.450467556,1
80,L5,2017,SIN,HC,IR,62,26.75,0.84,2987.397998,2.375302052,1.023188431,20.26706638,21.11428571,2,3.225806452,1.171182982,0,0.256620494,0.999989005,0.495475522,0.281515967
81,L6,2017,ARL,NP,WF,90,26.75,0.92,3276.014978,1.029170036,4.812948713,18.03887717,1,42,46.66666667,3.843030134,2,0.029701486,0.085210497,1,1
82,L7,2017,OUA,HC,IR,67,26.83333333,0.96,4294.614651,6.287900482,2.192733467,14.31781964,4.26086957,37,55.2238806,4.011395479,0,0.272170357,0.999989005,0.495475522,1
83,L8,2017,OUA,HC,IR,67,26.75,0.84,3741.651156,7.908384285,2.483647698,8.200694002,8.10526316,3,4.47761194,1.499089855,0,0.272170357,0.999989005,0.495475522,0.483970755
84,M1,2017,PN,HC,IR,85,29,0.956521739,2359.542087,0.945721006,4.821815616,4.490138291,1.57272727,39,45.88235294,3.826080576,0,1,0.999989005,0.46454578,1
85,M17,2017,WBK,NP,IR,110,27,1,2381.711987,3.322861052,2.63930914,2.63930914,9.32,13,11.81818182,2.469639178,0,0.079946419,0.085210497,0.44916779,0.181573884
86,M18,2017,WBK,NP,WF,110,26.75,1,3628.91131,1.28679297,11.13845077,11.13845077,13.55,14,12.72727273,2.54374715,0,0.079946419,0.085210497,0.379157182,0.181573884
87,M19,2017,WBK,NP,IR,114,26.5,0.96,2250.536279,4.553553497,7.892780213,13.63317456,5.56666667,13,11.40350877,2.433921095,0,1,0.070450323,0.433886362,0.100723213
88,M2,2017,PN,HC,IR,86,28.25,1,3691.869009,3.434061027,6.256463871,8.134828839,2.3,76,88.37209302,4.48155623,0,0.255240043,0.999989005,0.46454578,1
89,M3,2017,PN,HC,WF,85,28,0.842105263,4382.074728,5.370358038,0.082415366,15.86781189,5.53333333,196,230.5882353,5.440633589,3,0.255240043,0.999989005,1,1
90,M4,2017,SIN,HC,WF,64,28,0.8,3429.356003,7.9620709,4.862164076,25.01287557,6.9,14,21.875,3.085344432,0,0.256620494,0.999989005,0.450467556,0.281954445
91,M5,2017,SIN,HC,WF,62,28,0.92,1759.140015,2.986676025,1.598859056,29.26082524,2.94166667,17,27.41935484,3.311249145,1,0.256620494,0.999989005,1,1
92,M6,2017,ARL,NP,IR,93,28,0.92,2731.692728,1.663353014,7.969067039,27.61888516,8.77692308,18,19.35483871,2.962942451,1,0.029701486,0.085210497,1,1
93,M7,2017,ARL,NP,IR,96,27.83333333,0.84,3146.099369,2.474185991,4.035378288,22.16596812,1.425,20,20.83333333,3.036554268,0,0.029701486,0.085210497,0.44916779,1
94,M8,2017,ARL,NP,IR,94,28.25,0.84,4449.02403,6.16947,2.255831941,15.86068982,8.66086957,104,110.6382979,4.706266303,0,0.042670873,0.102721367,0.46454578,1
95,N1,2017,PCN,HC,IR,86,29.33333333,0.92,2583.050024,4.943038034,0.454471435,9.322703197,2.825,13,15.11627907,2.715772247,0,1,0.999989005,0.46454578,0.027947763
96,N10,2017,ARL,NP,WF,91,28.5,0.76,4963.869556,7.701281018,2.54667145,10.91363725,5.6,33,36.26373626,3.590818241,0,0.042670873,0.102721367,0.402511353,1
97,N11,2017,ARL,NP,IR,90,28.75,0.722222222,3109.309235,9.490559669,0.687372851,3.609753284,5.12,58,64.44444444,4.165803526,0,0.042670873,0.102721367,0.46454578,1
98,N17,2017,WBK,NP,IR,111,28,0.96,2400.521985,5.842725953,2.529621749,7.438318746,7.50666667,7,6.306306306,1.841550134,3,1,1,1,1
99,N18,2017,WBK,NP,WF,110,27.5,0.96,3167.216974,3.597480047,5.965086252,13.56505656,4.08571429,21,19.09090909,2.949212258,0,0.079946419,0.085210497,0.379157182,0.181573884
100,N2,2017,PN,HC,WF,86,29,0.909090909,2187.812036,4.498240995,4.191199214,16.53722138,8.22,16,18.60465116,2.923411612,0,0.255240043,0.999989005,0.402511353,1
101,N3,2017,PN,HC,WF,86,29,0.85,3723.432996,4.295521975,6.026198421,22.07035387,6.55,76,88.37209302,4.48155623,0,0.255240043,0.999989005,0.402511353,1
102,N4,2017,PN,HC,IR,85,29,0.76,4661.806732,5.796829653,3.162948669,29.39614991,1.2,114,134.1176471,4.898717378,1,0.255240043,0.999989005,1,1
103,N5,2017,ARL,NP,WF,85,28.75,0.92,2996.903708,4.757599586,0.792549466,28.44273234,7.5,14,16.47058824,2.801576259,0,0.042670873,0.102721367,0.402511353,1
104,N7,2017,ARL,NP,WF,94,29,0.92,1736.981388,5.46697677,9.922356642,13.8752776,0,22,23.40425532,3.152917857,0,0.042670873,0.102721367,0.402511353,1
105,N8,2017,ARL,NP,IR,92,29,0.96,1270.000299,2.921923018,10.89612629,10.89612629,13.7,17,18.47826087,2.916594953,0,0.042670873,0.102721367,0.46454578,1
106,N9,2017,ARL,NP,IR,91,29,1,794.3437927,3.953443027,6.193973506,13.35757394,0,28,30.76923077,3.42651519,0,0.042670873,0.102721367,0.46454578,1
107,O1,2017,PCN,HC,WF,86,30.33333333,0.84,3643.54397,6.291391981,8.095400949,7.709668733,20.25,48,55.81395349,4.022023901,0,0.318177791,0.999989005,0.402511353,1
108,O10,2017,ARL,NP,IR,94,29.75,0.8,2338.650116,8.403952226,6.870874414,11.23497854,12.5,325,345.7446809,5.845700586,1,0.042670873,0.102721367,1,0.148162934
109,O11,2017,ARL,NP,IR,94,29.5,0.833333333,2004.288977,6.917101824,4.390514205,4.390514205,6.05,47,50,3.912023005,0,1,0.102721367,0.46454578,1
110,O12,2017,ARL,NP,IR,94,29.5,0.764705882,2272.531165,4.367150623,3.541267632,3.541267632,6.5875,126,134.0425532,4.898157311,0,0.042670873,0.102721367,0.46454578,1
111,O13,2017,ARL,NP,IR,95,30,0.947368421,1098.277002,9.515088731,1.346688993,3.409476499,4.04,6,6.315789474,1.843052764,0,1,1,0.46454578,0.097798667
112,O2,2017,PCN,HC,IR,86,30,1,3226.568329,4.67315948,5.758921509,16.70995627,0,37,43.02325581,3.761740802,0,0.318177791,0.999989005,0.46454578,1
113,O3,2017,PCN,HC,IR,86,30,0.92,5108.444531,5.723229536,3.813880102,25.96568002,0,86,100,4.605170186,0,0.318177791,0.999989005,0.46454578,1
114,O4,2017,PCN,HC,WF,91,29.5,0.909090909,3838.603058,8.066149578,0.728922612,30.35544932,8.3,296,325.2747253,5.784670134,5,0.318177791,0.999989005,1,1
115,O5,2017,KON,HC,WF,88,30,1,1114.502674,1.842693996,1.837549227,24.60058227,8.9,25,28.40909091,3.346709196,0,0.209869704,0.999989005,0.402511353,1
116,O6,2017,KON,HC,WF,88,30,0.96,3865.976062,6.925124861,1.024111678,15.47638833,1.2,0,0,0,0,0.209869704,0.999989005,0.402511353,0.272331524
117,O9,2017,ARL,NP,IR,96,29.75,0.833333333,2743.194019,9.867515934,4.100913958,4.100913958,0,110,114.5833333,4.74130236,1,1,1,1,1
118,P12,2017,ARL,NP,IR,94,30.5,0.65,3374.646008,4.4207129,1.420619381,12.06551771,20.5,103,109.5744681,4.696604392,1,0.042670873,0.102721367,1,0.148162934
119,P13,2017,ARL,NP,IR,95,30.66666667,0.8,3678.606219,6.392275071,1.319596071,12.0182477,7.06,112,117.8947368,4.769792165,0,0.042670873,0.102721367,0.46454578,0.148298314
120,P2,2017,PCN,HC,WF,87,31.33333333,0.80952381,4419.744293,7.122468948,6.383692588,13.46764637,0,76,87.35632184,4.469995408,0,0.318177791,0.999989005,0.402511353,0.049086343
121,P3,2017,PCN,HC,IR,86,30.66666667,0.96,2171.360492,7.74779,7.201622482,17.00307978,0,14,16.27906977,2.78988022,0,0.318177791,0.999989005,0.46454578,1
122,P4,2017,KON,HC,IR,83,30.83333333,0.826086957,2775.761481,8.368654034,0.077376864,22.0122371,0,387,466.2650602,6.144754271,0,0.209869704,0.999989005,0.46454578,1
123,P5,2017,KON,HC,WF,89,31,0.913043478,1172.296973,5.285583517,8.45147183,18.1019373,0,22,24.71910112,3.207576269,0,0.190541045,0.999989005,0.379157182,1
124,P6,2017,KON,HC,WF,89,30.66666667,0.92,4185.602463,6.804735125,10.79910242,11.05399951,0,34,38.20224719,3.642894341,1,0.190541045,0.999989005,1,1
125,P7,2017,KON,HC,IR,87,30.66666667,1,1878.668039,4.208399092,3.509355532,3.713922835,7.5,21,24.13793103,3.183784505,2,1,0.999989005,1,1
126,P9,2017,ARL,NP,IR,93,31,0.833333333,1062.290015,3.51974225,1.810662108,1.810662108,8.4,65,69.89247312,4.246957963,0,1,1,0.46454578,1
127,Q5,2017,KON,HC,WF,88,31.75,0.818181818,4458.102014,7.648231231,2.308820726,13.71714923,0,32,36.36363636,3.593569274,0,0.209869704,0.999989005,0.402511353,1
128,Q6,2017,KON,HC,WF,88,31.75,0.875,3726.627777,6.084559144,3.13970783,4.344154685,3.6,49,55.68181818,4.01965367,0,0.190541045,0.999989005,0.379157182,1
129,Q8,2017,ARL,NP,IR,93,32,0.631578947,1090.388397,3.644322658,1.283014862,1.283014862,6.22666667,27,29.03225806,3.368407559,0,1,1,0.46454578,1
130,Q9,2017,ARL,NP,WF,93,32,0.72,3275.460236,6.137049913,0.248282367,7.496518229,2.375,34,36.55913978,3.598931217,0,0.042670873,0.102721367,0.402511353,0.148027595
131,R8,2017,ARL,NP,WF,93,33.25,0.72,3413.862033,3.777885866,0.487586302,7.508679344,5.4875,76,81.72043011,4.403304033,0,0.042670873,0.102721367,0.402511353,1
132,G16,2018,TDM,HC,IR,113,19.5,0.947368421,1023.817993,8.033325282,3.398477558,3.507863073,2.26153846,20,17.69911504,2.873514641,0,1,1,0.46454578,0.044909362
133,H16,2018,TDM,HC,IR,113,21,1,1090.977014,4.905042389,3.292324849,2.640817991,2.52857143,3,2.654867257,0.976394656,0,1,1,0.46454578,1
134,H17,2018,TDM,HC,WF,113,20.5,1,3693.161877,7.074023953,0.430999451,5.805142593,7.87142857,50,44.24778761,3.789805373,3,1,0.001703429,1,1
135,K3,2018,SIN,HC,IR,108,26.5,0.913043478,1525.522589,1.282497782,0.538117987,5.597702712,11.38571429,4,3.703703704,1.30933332,0,0.717386881,0.001703429,0.46454578,0.048096182
136,K4,2018,SIN,HC,WF,108,26.5,0.909090909,3011.424713,5.29213593,5.230824569,7.477475401,9.15,11,10.18518519,2.320934232,0,0.717386881,0.001703429,0.402511353,1
137,K5,2018,SIN,HC,WF,107,26,0.84,3857.756995,6.909763862,0.047747842,12.72798803,4.88333333,86,80.37383178,4.386688648,0,0.717386881,0.001703429,0.402511353,1
138,L3,2018,SIN,HC,IR,108,27,1,1283.907959,2.910808808,7.04361435,12.35112939,0,9,8.333333333,2.120263536,0,0.717386881,0.001703429,0.46454578,0.048096182
139,L4,2018,SIN,HC,IR,107,27,0.92,2132.251099,2.871990013,10.77915719,16.55107494,0,16,14.95327103,2.704930074,0,0.717386881,0.001703429,0.46454578,0.048001646
140,L5,2018,SIN,HC,IR,108,26.75,0.84,2987.397998,2.375302052,1.023188431,20.26706638,0,23,21.2962963,3.058533175,0,0.717386881,0.001703429,0.46454578,1
141,L6,2018,ARL,NP,WF,79,26.75,0.92,3276.014978,1.029170036,4.812948713,18.03887717,5.83333333,39,49.36708861,3.89928398,0,0.648238583,5.91E-44,0.450467556,0.113327076
142,L9,2018,PAG,HC,IR,106,27,0.8,1135.48501,1.557798004,4.555113743,3.952765699,2.87142857,10,9.433962264,2.244316185,0,1,1,0.46454578,1.88E-06
143,M10,2018,PAG,HC,WF,19,28,0.92,1445.34502,7.608451021,5.441562417,6.810526837,3.075,4,21.05263158,3.047025568,0,0.652661574,0.050060685,0.54826888,1
144,M11,2018,PAG,HC,WF,77,27.5,0.818181818,1294.933289,6.909983398,2.369700671,2.053752023,8.58333333,17,22.07792208,3.094578108,0,1,0.004526195,0.47485457,1
145,M3,2018,SIN,HC,WF,108,28,0.842105263,4382.074728,5.370358038,0.082415366,15.86781189,21.73333333,87,80.55555556,4.388947078,0,1,0.001703429,0.402511353,1
146,M4,2018,SIN,HC,IR,107,28,0.8,3429.356003,7.9620709,4.862164076,25.01287557,5.13333333,71,66.35514019,4.195021229,0,0.717386881,0.001703429,0.46454578,1
147,M5,2018,SIN,HC,IR,108,28,0.92,1759.140015,2.986676025,1.598859056,29.26082524,0,16,14.81481481,2.695627681,0,0.717386881,0.001703429,0.46454578,0.048096182
148,M6,2018,ARL,NP,WF,107,28,0.92,2731.692728,1.663353014,7.969067039,27.61888516,0,36,33.64485981,3.51586029,0,0.615096743,1.48E-54,0.402511353,0.065537297
149,M7,2018,ARL,NP,WF,114,27.83333333,0.84,3146.099369,2.474185991,4.035378288,22.16596812,0,23,20.1754386,3.004465954,0,0.615096743,1.48E-54,0.402511353,1
150,M8,2018,ARL,NP,IR,115,28.25,0.84,4449.02403,6.16947,2.255831941,15.86068982,10.61666667,25,21.73913043,3.079113882,0,0.615096743,1.48E-54,0.46454578,0.066288594
151,M9,2018,PAG,HC,BO,105,28,0.72,4750.111456,5.808549851,1.247682903,10.51604763,4.81666667,76,72.38095238,4.281943176,1,0.30846173,0.00277764,1,1
152,N10,2018,ARL,NP,WF,114,28.5,0.76,4963.869556,7.701281018,2.54667145,10.91363725,6.6125,48,42.10526316,3.740172749,0,0.615096743,1.48E-54,0.402511353,0.066194392
153,N11,2018,ARL,NP,IR,118,28.75,0.722222222,3109.309235,9.490559669,0.687372851,3.609753284,5.73125,105,88.98305085,4.488445912,6,1,1.48E-54,1,1
154,N16,2018,KND,HC,IR,29,28.5,0.818181818,372.676001,3.23761858,4.30180196,4.225170981,5.55714286,4,13.79310345,2.624168717,0,1,0.031273926,0.557202299,0.596826804
155,N5,2018,ARL,NP,WF,108,28.75,0.92,2996.903708,4.757599586,0.792549466,28.44273234,34.7,59,54.62962963,4.000576403,0,0.615096743,1.48E-54,0.402511353,1
156,N6,2018,ARL,NP,WF,84,29,0.88,501.6563641,5.460214812,8.89130784,20.32105449,0,8,9.523809524,2.253794929,0,0.648238583,5.91E-44,0.450467556,0.113936078
157,N7,2018,ARL,NP,IR,114,29,0.92,1736.981388,5.46697677,9.922356642,13.8752776,0,25,21.92982456,3.087847562,0,0.615096743,1.48E-54,0.46454578,0.066194392
158,N8,2018,ARL,NP,WF,115,29,0.96,1270.000299,2.921923018,10.89612629,10.89612629,0.7,27,23.47826087,3.156074924,0,0.615096743,1.48E-54,0.402511353,0.066288594
159,N9,2018,ARL,NP,IR,114,29,1,794.3437927,3.953443027,6.193973506,13.35757394,6.8,35,30.70175439,3.424319799,1,0.615096743,1.48E-54,0.46454578,1
160,O1,2018,PCN,HC,IR,106,30.33333333,0.84,3643.54397,6.291391981,8.095400949,7.709668733,0,84,79.24528302,4.372547891,1,0.740854896,0.001703429,1,1
161,O10,2018,ARL,NP,WF,112,29.75,0.8,2338.650116,8.403952226,6.870874414,11.23497854,13.7,78,69.64285714,4.243380141,1,1,1.48E-54,1,1
162,O11,2018,ARL,NP,WF,115,29.5,0.833333333,2004.288977,6.917101824,4.390514205,4.390514205,11.89230769,30,26.08695652,3.261435439,0,1,1.48E-54,0.402511353,0.052102307
163,O12,2018,ARL,NP,IR,115,29.5,0.764705882,2272.531165,4.367150623,3.541267632,3.541267632,3.55714286,46,40,3.688879454,0,1,1.48E-54,0.46454578,1
164,O13,2018,ARL,NP,IR,115,30,0.947368421,1098.277002,9.515088731,1.346688993,3.409476499,0.8,19,16.52173913,2.804677037,0,0.615096743,1.48E-54,0.46454578,0.066288594
165,O14,2018,KKN,HC,WF,117,30,0.75,1541.430029,9.275020003,4.631761797,4.624860734,7.025,228,194.8717949,5.27234188,3,1,1,1,1
166,O15,2018,KND,HC,IR,116,29.25,0.72,1509.752954,14.9536425,0.528357287,4.040806589,6.66153846,74,63.79310345,4.155645088,0,0.502960672,0.001703429,0.46454578,1
167,O16,2018,KND,HC,IR,116,29,0.92,3474.929016,4.490804717,9.03512771,8.869682772,4.6,23,19.82758621,2.987074211,0,1,0.001703429,0.46454578,1
168,O17,2018,KND,HC,WF,117,29,1,3795.950928,8.595600873,1.713697135,17.05504188,5.95,109,93.16239316,4.534344133,0,1,0.001703429,0.379157182,1
169,O2,2018,PCN,HC,WF,106,30,1,3226.568329,4.67315948,5.758921509,16.70995627,0,36,33.96226415,3.52525003,0,0.740854896,0.001703429,0.402511353,0.010202502
170,O3,2018,PCN,HC,IR,106,30,0.92,5108.444531,5.723229536,3.813880102,25.96568002,0,120,113.2075472,4.729222835,0,0.740854896,0.001703429,0.46454578,1
171,O4,2018,KON,HC,WF,29,29.5,0.909090909,3838.603058,8.066149578,0.728922612,30.35544932,7.6375,2,6.896551724,1.931021537,0,0.740465728,0.031273926,0.54826888,1
172,O5,2018,KON,HC,IR,109,30,1,1114.502674,1.842693996,1.837549227,24.60058227,0,64,58.71559633,4.072705387,1,0.716046291,0.001703429,1,1
173,O7,2018,ARL,NP,IR,114,30,0.96,2375.409515,5.455295584,0.022684362,6.465100673,5.55,41,35.96491228,3.582543804,1,0.615096743,1.48E-54,1,1
174,O8,2018,ARL,NP,WF,30,29.33333333,0.875,2818.004315,5.890724158,2.515814792,2.515814792,4.8125,16,53.33333333,3.976561527,0,1,9.40E-23,0.54826888,1
175,O9,2018,ARL,NP,IR,90,29.75,0.833333333,2743.194019,9.867515934,4.100913958,4.100913958,5.27777778,22,24.44444444,3.196402969,0,0.615096743,1.48E-54,0.46454578,0.063958421
176,P1,2018,PCN,HC,WF,28,31.14285714,0.791666667,3115.400024,2.959403968,4.785136489,4.553669009,0,6,21.42857143,3.064725145,0,0.748422821,0.031273926,0.54826888,1
177,P12,2018,ARL,NP,WF,115,30.5,0.65,3374.646008,4.4207129,1.420619381,12.06551771,6.43888889,186,161.7391304,5.085984731,1,0.615096743,1.48E-54,1,1
178,P13,2018,ARL,NP,WF,86,30.66666667,0.8,3678.606219,6.392275071,1.319596071,12.0182477,14.6,82,95.34883721,4.557542137,0,1,5.91E-44,0.450467556,1
179,P14,2018,KKN,HC,WF,116,30.44444444,0.8,5355.588159,8.653134036,2.143172565,13.80560987,12.946875,98,84.48275862,4.436547474,2,0.108130272,0.001703429,1,1
180,P15,2018,KND,HC,IR,117,30.33333333,0.76,4248.01355,9.452476171,0.832220934,13.56211405,14.29333333,144,123.0769231,4.812809551,1,1,0.001703429,1,1
181,P16,2018,KND,HC,IR,117,30,0.92,4544.666614,7.799501665,2.445366833,16.12145401,2.8,100,85.47008547,4.448166437,0,1,0.001703429,0.44916779,1
182,P2,2018,PCN,HC,IR,28,31.33333333,0.80952381,4419.744293,7.122468948,6.383692588,13.46764637,0,26,92.85714286,4.531062214,2,0.748422821,0.031273926,1,1
183,P3,2018,PCN,HC,IR,78,30.66666667,0.96,2171.360492,7.74779,7.201622482,17.00307978,0,61,78.20512821,4.359335224,0,0.743393903,0.004526195,0.495475522,1
184,P4,2018,KON,HC,IR,109,30.83333333,0.826086957,2775.761481,8.368654034,0.077376864,22.0122371,0,335,307.3394495,5.727952835,5,0.716046291,0.001703429,1,1
185,P5,2018,KON,HC,WF,109,31,0.913043478,1172.296973,5.285583517,8.45147183,18.1019373,1.23333333,42,38.53211009,3.651491922,0,0.716046291,0.001703429,0.402511353,1
186,P6,2018,KON,HC,IR,109,30.66666667,0.92,4185.602463,6.804735125,10.79910242,11.05399951,6.1,62,56.88073394,4.040956689,0,0.716046291,0.001703429,0.46454578,1
187,P7,2018,KON,HC,WF,109,30.66666667,1,1878.668039,4.208399092,3.509355532,3.713922835,2,48,44.03669725,3.785023315,0,0.716046291,0.001703429,0.402511353,0.006217282
188,Q1,2018,PCS,HC,IR,108,32.5,0.923076923,0,1.375582111,2.855024446,2.693534615,0.5,11,10.18518519,2.320934232,0,0.666738417,0.001703429,0.46454578,1
189,Q2,2018,PCS,HC,IR,108,32.5,0.92,2396.155307,4.280804074,3.358085245,4.720476495,5.72,12,11.11111111,2.407945609,0,0.666738417,0.001703429,0.46454578,1
190,Q3,2018,PCS,HC,WF,29,32.25,0.88,4659.14332,8.226813302,2.694403774,8.186401823,6.98333333,2,6.896551724,1.931021537,0,0.725365807,0.031273926,0.54826888,1
191,Q4,2018,PCS,HC,IR,109,32,0.84,5600.945972,8.826879335,1.723202404,14.19265366,1.3,41,37.6146789,3.62739437,2,1,0.001703429,1,1
192,Q5,2018,KON,HC,IR,109,31.75,0.818181818,4458.102014,7.648231231,2.308820726,13.71714923,0,73,66.97247706,4.204281745,1,0.716046291,0.001703429,1,1
193,Q6,2018,KON,HC,WF,109,31.75,0.875,3726.627777,6.084559144,3.13970783,4.344154685,3.53333333,130,119.266055,4.781356754,0,1,0.001703429,0.402511353,1
194,Q9,2018,ARL,NP,IR,115,32,0.72,3275.460236,6.137049913,0.248282367,7.496518229,4.99166667,481,418.2608696,6.036105328,0,1,1.48E-54,0.46454578,1
195,R3,2018,PCS,HC,IR,107,33.33333333,0.933333333,2108.335986,2.038700211,2.268248396,1.91792847,8.00344828,54,50.46728972,3.921325398,1,0.666738417,0.001703429,1,1
196,R4,2018,PCS,HC,IR,107,33.5,0.84,2560.583984,5.454418576,5.556125568,5.200514804,12.45,26,24.29906542,3.19043789,1,1,0.001703429,1,0.224961863
197,R5,2018,PCS,HC,WF,107,33.5,0.92,1369.983911,5.501115145,0.7490661,12.17777817,5.28181818,30,28.03738318,3.333538733,0,0.666738417,0.001703429,0.402511353,0.258015285
198,R6,2018,PAS,HC,IR,109,33.25,0.761904762,2395.886877,6.009304323,4.810296457,8.067861715,9.1,41,37.6146789,3.62739437,1,0.008757105,0.001703429,1,1
199,R8,2018,ARL,NP,WF,115,33.25,0.72,3413.862033,3.777885866,0.487586302,7.508679344,5.41111111,58,50.43478261,3.920681068,0,1,1.48E-54,0.402511353,1
200,S4,2018,PAS,HC,IR,110,35,0.636363636,603.2987823,0.457740021,1.517699934,1.2472376,2.85,8,7.272727273,1.984131362,0,1,1,0.46454578,1
201,S5,2018,PAS,HC,WF,110,34.5,0.76,2210.018005,1.983192015,7.783125861,8.412707358,11.58,40,36.36363636,3.593569274,0,1,1,0.402511353,1
202,S6,2018,PAS,HC,IR,110,34.25,0.68,4923.502991,6.342614607,2.28279689,16.30873601,2.99,31,28.18181818,3.338677025,1,0.008757105,0.001703429,1,0.401132313
203,T5,2018,PAS,HC,WF,110,35,0.761904762,3738.636963,3.004170012,0.621698086,3.756389904,9.04,9,8.181818182,2.101914398,0,1,0.001703429,0.402511353,0.30374394
204,T6,2018,PAS,HC,WF,110,35,0.8,2878.465991,6.062987617,2.38124869,9.937176306,10.48888889,30,27.27272727,3.305887202,0,0.008757105,0.001703429,0.402511353,0.401132313
